<?xml version="1.0" encoding="UTF-8"?><OperationDefinition xmlns="http://hl7.org/fhir"><id value="udsplus-de-identify"/><text><status value="extensions"/><div xmlns="http://www.w3.org/1999/xhtml"><p>URL: [base]/$deidentify</p><p>Parameters</p><table class="grid"><tr><td><b>Use</b></td><td><b>Name</b></td><td><b>Cardinality</b></td><td><b>Type</b></td><td><b>Binding</b></td><td><b>Documentation</b></td></tr><tr><td>IN</td><td>inputFileUrls</td><td>1..*</td><td><a href="http://hl7.org/fhir/R4/parameters.html">Parameters</a></td><td/><td><div><p>Urls of the Input Files represented as Parameters, with the type of Resource and the URL to the NDJSON data.</p>
</div></td></tr><tr><td>OUT</td><td>deidentifiedFileUrls</td><td>0..*</td><td><a href="http://hl7.org/fhir/R4/parameters.html">Parameters</a></td><td/><td><div><p>Upon successful de-identification, the de-identified file Urls is returned back from the service.</p>
</div></td></tr></table></div></text><extension url="http://hl7.org/fhir/StructureDefinition/structuredefinition-fmm"><valueInteger value="1"><extension url="http://hl7.org/fhir/StructureDefinition/structuredefinition-conformance-derivedFrom"><valueCanonical value="http://hl7.org/fhir/us/uds-plus/ImplementationGuide/udsplus"/></extension></valueInteger></extension><extension url="http://hl7.org/fhir/StructureDefinition/structuredefinition-standards-status"><valueCode value="trial-use"><extension url="http://hl7.org/fhir/StructureDefinition/structuredefinition-conformance-derivedFrom"><valueCanonical value="http://hl7.org/fhir/us/uds-plus/ImplementationGuide/udsplus"/></extension></valueCode></extension><url value="http://hl7.org/fhir/us/uds-plus/OperationDefinition/udsplus-de-identify"/><version value="0.2.0"/><name value="UdsPlusDeIdentify"/><title value="Generate De-Identified data"/><status value="draft"/><kind value="operation"/><date value="2020-11-19T21:48:56+10:00"/><publisher value="HRSA UDS PLS Project"/><contact><telecom><system value="url"/><value value="http://hl7.org/Special/committees/[something]"/></telecom></contact><description value="Generates de-identified  data from identifiable data. The de-identification algorithm to be used is left to the implementers of the operation. Errors during the execution of the operation can be returned as OperationOutcome per the FHIR spec as a return parameter."/><jurisdiction><coding><system value="http://unstats.un.org/unsd/methods/m49/m49.htm"/><code value="001"/></coding></jurisdiction><code value="deidentify"/><system value="true"/><type value="false"/><instance value="false"/><parameter><name value="inputFileUrls"/><use value="in"/><min value="1"/><max value="*"/><documentation value="Urls of the Input Files represented as Parameters, with the type of Resource and the URL to the NDJSON data."/><type value="Parameters"/></parameter><parameter><name value="deidentifiedFileUrls"/><use value="out"/><min value="0"/><max value="*"/><documentation value="Upon successful de-identification, the de-identified file Urls is returned back from the service."/><type value="Parameters"/></parameter></OperationDefinition>