<?xml version="1.0" encoding="UTF-8"?><OperationDefinition xmlns="http://hl7.org/fhir"><id value="import"/><text><status value="extensions"/><div xmlns="http://www.w3.org/1999/xhtml"><p>URL: [base]/$notify</p><p>Parameters</p><table class="grid"><tr><td><b>Use</b></td><td><b>Name</b></td><td><b>Cardinality</b></td><td><b>Type</b></td><td><b>Binding</b></td><td><b>Documentation</b></td></tr><tr><td>IN</td><td>importInformation</td><td>1..1</td><td><a href="http://hl7.org/fhir/R4/parameters.html">Parameters</a></td><td/><td><div><p>The links and other metadata related to the data exported by the health center.</p>
</div></td></tr></table></div></text><extension url="http://hl7.org/fhir/StructureDefinition/structuredefinition-fmm"><valueInteger value="1"><extension url="http://hl7.org/fhir/StructureDefinition/structuredefinition-conformance-derivedFrom"><valueCanonical value="http://hl7.org/fhir/us/uds-plus/ImplementationGuide/udsplus"/></extension></valueInteger></extension><extension url="http://hl7.org/fhir/StructureDefinition/structuredefinition-standards-status"><valueCode value="trial-use"><extension url="http://hl7.org/fhir/StructureDefinition/structuredefinition-conformance-derivedFrom"><valueCanonical value="http://hl7.org/fhir/us/uds-plus/ImplementationGuide/udsplus"/></extension></valueCode></extension><url value="http://hl7.org/fhir/us/uds-plus/OperationDefinition/import"/><version value="0.2.0"/><name value="UdsPlusImport"/><title value="UDS Plus Import"/><status value="active"/><kind value="operation"/><date value="2021-07-22T21:48:56+10:00"/><publisher value="HRSA UDS PLS Project"/><contact><telecom><system value="url"/><value value="http://hl7.org/Special/committees/[something]"/></telecom></contact><description value="Notification from a Health Center about the availability of the data to HRSA using Bulk Import mechanism."/><jurisdiction><coding><system value="http://unstats.un.org/unsd/methods/m49/m49.htm"/><code value="001"/></coding></jurisdiction><code value="notify"/><base value="http://hl7.org/fhir/us/uds-plus/OperationDefinition/import"/><system value="true"/><type value="false"/><instance value="false"/><parameter><name value="importInformation"/><use value="in"/><min value="1"/><max value="1"/><documentation value="The links and other metadata related to the data exported by the health center."/><type value="Parameters"/></parameter></OperationDefinition>