<?xml version="1.0" encoding="UTF-8"?>

<CodeSystem xmlns="http://hl7.org/fhir">
  <id value="udsplus-insurance-codes"/>
  <text>
    <status value="generated"/><div xmlns="http://www.w3.org/1999/xhtml"><p>This code system <code>http://hl7.org/fhir/us/uds-plus/CodeSystem/udsplus-insurance-codes</code> defines the following codes:</p><table class="codes"><tr><td style="white-space:nowrap"><b>Code</b></td><td><b>Display</b></td><td><b>Definition</b></td></tr><tr><td style="white-space:nowrap">medicaid-title-19<a name="udsplus-insurance-codes-medicaid-title-19"> </a></td><td>Medicaid Title X1X</td><td>Patients with Medicaid (Title X1X) insurance.</td></tr><tr><td style="white-space:nowrap">chip-medicaid<a name="udsplus-insurance-codes-chip-medicaid"> </a></td><td>CHIP Medicaid</td><td>Patients with CHIP Medicaid insurance.</td></tr><tr><td style="white-space:nowrap">dually-eligible<a name="udsplus-insurance-codes-dually-eligible"> </a></td><td>Dually Eligible</td><td>Patients with both Medicare and Medicaid.</td></tr><tr><td style="white-space:nowrap">other-non-chip-public-insurance<a name="udsplus-insurance-codes-other-non-chip-public-insurance"> </a></td><td>Other Non CHIP Public Insurance</td><td>Patients who have other public insurance which is non CHIP.</td></tr><tr><td style="white-space:nowrap">other-public-insurance-chip<a name="udsplus-insurance-codes-other-public-insurance-chip"> </a></td><td>Other Public Insurance CHIP</td><td>Patients who have other public insurance which is CHIP </td></tr></table></div>
  </text>
  <extension url="http://hl7.org/fhir/StructureDefinition/structuredefinition-standards-status">
    <valueCode value="informative">
      <extension url="http://hl7.org/fhir/StructureDefinition/structuredefinition-conformance-derivedFrom">
        <valueCanonical value="http://hl7.org/fhir/us/uds-plus/ImplementationGuide/udsplus"/>
      </extension>
    </valueCode>
  </extension>
  <url value="http://hl7.org/fhir/us/uds-plus/CodeSystem/udsplus-insurance-codes"/>
  <version value="0.2.0"/>
  <name value="UDSPlusInsuranceCodes"/>
  <title value="UDS Plus Insurance Codes"/>
  <status value="active"/>
  <experimental value="true"/>
  <date value="2022-09-06"/>
  <publisher value="HRSA UDS PLS Project"/>
  <contact>
    <telecom>
      <system value="url"/>
      <value value="http://hl7.org/Special/committees/[something]"/>
    </telecom>
  </contact>
  <description value="The UDS Plus CodeSystem is a 'starter set' of codes supported for identifying insurance types used by patients in UDS+ program."/>
  <jurisdiction>
    <coding>
      <system value="http://unstats.un.org/unsd/methods/m49/m49.htm"/>
      <code value="001"/>
    </coding>
  </jurisdiction>
  <caseSensitive value="true"/>
  <valueSet value="http://hl7.org/fhir/us/uds-plus/ValueSet/udsplus-insurance"/>
  <content value="complete"/>
  <count value="5"/>
  <concept>
    <code value="medicaid-title-19"/>
    <display value="Medicaid Title X1X"/>
    <definition value="Patients with Medicaid (Title X1X) insurance."/>
  </concept>
  <concept>
    <code value="chip-medicaid"/>
    <display value="CHIP Medicaid"/>
    <definition value="Patients with CHIP Medicaid insurance."/>
  </concept>
  <concept>
    <code value="dually-eligible"/>
    <display value="Dually Eligible"/>
    <definition value="Patients with both Medicare and Medicaid."/>
  </concept>
  <concept>
    <code value="other-non-chip-public-insurance"/>
    <display value="Other Non CHIP Public Insurance"/>
    <definition value="Patients who have other public insurance which is non CHIP."/>
  </concept>
  <concept>
    <code value="other-public-insurance-chip"/>
    <display value="Other Public Insurance CHIP"/>
    <definition value="Patients who have other public insurance which is CHIP "/>
  </concept>
</CodeSystem>